waypoint_id,name,lat,lon,chainage_km,elevation_m,od_inch,wall_thickness_mm,roughness_mm,burial_depth_m,station_type,source
1,Bina (Refinery),24.1866,78.1919,0.0,420.0,18.0,14.27,0.045,1.2,dispatch,BORL_REFINERY_ESTIMATED
2,Kota,25.18,75.83,259.0,271.0,18.0,14.27,0.045,1.2,waypoint,MMBPL_18IN_MAINLINE
3,Bundi,25.43,75.65,299.0,268.0,18.0,14.27,0.045,1.2,waypoint,MMBPL_18IN_MAINLINE
4,Sawai Madhopur,26.00,76.35,369.0,262.0,18.0,14.27,0.045,1.2,waypoint,MMBPL_18IN_MAINLINE
5,Bharatpur,27.22,77.49,469.0,183.0,18.0,14.27,0.045,1.2,waypoint,MMBPL_18IN_MAINLINE
6,Mathura (crossing),27.49,77.67,509.0,174.0,18.0,14.27,0.045,1.2,crossing,MMBPL_18IN_MAINLINE
7,Faridabad,28.41,77.31,589.0,198.0,18.0,14.27,0.045,1.2,waypoint,MMBPL_18IN_MAINLINE
8,Piyala,28.48,77.28,599.0,200.0,8.625,8.18,0.045,1.2,waypoint,MMBPL_8IN_TAIL
9,Bijwasan (Receipt),28.52,77.08,619.0,215.0,8.625,8.18,0.045,1.2,receipt,MMBPL_8IN_TAIL
